,AdjustmentMethodUsed,ChangeFromLastClose,ChangeFromOpen,CummulativeCashDividend,CummulativeStockDividendRatio,Currency,DataConfidence,Date,Delay,High,Identity,Last,LastClose,Low,Message,Open,Outcome,PercentChangeFromLastClose,PercentChangeFromOpen,Security,SplitRatio,Volume,ISIN
213,SplitAndProportionalCashDividend,0.6744,0.5753,0.48,1.0,USD,Valid,1/11/2016,0.0,59.5454,,59.0595,58.3851,58.0528,,58.4842,Success,1.1551,0.9837,,1.0,12824968.0,US6541061031
212,SplitAndProportionalCashDividend,0.3867,-0.4067,0.48,1.0,USD,Valid,1/12/2016,0.0,60.319,,59.4462,59.0595,59.0793,,59.8529,Success,0.6548,-0.6795,,1.0,8292167.0,US6541061031
211,SplitAndProportionalCashDividend,-1.1504,-1.7356,0.48,1.0,USD,Valid,1/13/2016,0.0,60.0314,,58.2958,59.4462,58.1867,,60.0314,Success,-1.9352,-2.8912,,1.0,9944268.0,US6541061031
210,SplitAndProportionalCashDividend,-0.2678,-0.486,0.48,1.0,USD,Valid,1/14/2016,0.0,58.8611,,58.028,58.2958,56.8082,,58.514,Success,-0.4594,-0.8306,,1.0,9989036.0,US6541061031
209,SplitAndProportionalCashDividend,-0.9421,0.6249,0.48,1.0,USD,Valid,1/15/2016,0.0,57.6611,,57.0859,58.028,56.1238,,56.461,Success,-1.6235,1.1068,,1.0,12208250.0,US6541061031
208,SplitAndProportionalCashDividend,0.7537,0.1289,0.48,1.0,USD,Valid,1/19/2016,0.0,58.5834,,57.8396,57.0859,57.1949,,57.7107,Success,1.3203,0.2234,,1.0,9924279.0,US6541061031
207,SplitAndProportionalCashDividend,0.7141,1.7753,0.48,1.0,USD,Valid,1/20/2016,0.0,59.0991,,58.5537,57.8396,56.2825,,56.7784,Success,1.2346,3.1267,,1.0,16234233.0,US6541061031
206,SplitAndProportionalCashDividend,1.5074,1.4678,0.48,1.0,USD,Valid,1/21/2016,0.0,60.6562,,60.0611,58.5537,58.5735,,58.5933,Success,2.5744,2.5051,,1.0,16121599.0,US6541061031
205,SplitAndProportionalCashDividend,0.3174,-0.4066,0.48,1.0,USD,Valid,1/22/2016,0.0,60.9636,,60.3785,60.0611,60.0909,,60.7851,Success,0.5285,-0.6689,,1.0,8430089.0,US6541061031
204,SplitAndProportionalCashDividend,-0.1785,-0.3868,0.48,1.0,USD,Valid,1/25/2016,0.0,60.795,,60.2,60.3785,60.1206,,60.5868,Success,-0.2956,-0.6384,,1.0,10383418.0,US6541061031
203,SplitAndProportionalCashDividend,0.4066,0.6149,0.48,1.0,USD,Valid,1/26/2016,0.0,60.8645,,60.6066,60.2,59.775,,59.9917,Success,0.6754,1.025,,1.0,8005226.0,US6541061031
202,SplitAndProportionalCashDividend,-1.5174,-1.3686,0.48,1.0,USD,Valid,1/27/2016,0.0,60.5966,,59.0892,60.6066,58.7123,,60.4578,Success,-2.5037,-2.2637,,1.0,8593736.0,US6541061031
201,SplitAndProportionalCashDividend,1.6067,0.8728,0.48,1.0,USD,Valid,1/28/2016,0.0,61.0926,,60.6959,59.0892,59.4859,,59.8231,Success,2.7191,1.459,,1.0,10207035.0,US6541061031
200,SplitAndProportionalCashDividend,0.8033,0.8033,0.48,1.0,USD,Valid,1/29/2016,0.0,61.648,,61.4992,60.6959,60.6959,,60.6959,Success,1.3235,1.3235,,1.0,10475161.0,US6541061031
218,SplitAndProportionalCashDividend,-0.972,0.4066,0.48,1.0,USD,Valid,1/4/2016,0.0,61.4,,61.0132,61.9852,60.3587,,60.6066,Success,-1.5681,0.6709,,1.0,11626813.0,US6541061031
217,SplitAndProportionalCashDividend,0.8529,0.6545,0.48,1.0,USD,Valid,1/5/2016,0.0,62.0744,,61.8661,61.0132,61.2116,,61.2116,Success,1.3979,1.0692,,1.0,9220645.0,US6541061031
216,SplitAndProportionalCashDividend,-0.8826,0.1885,0.48,1.0,USD,Valid,1/6/2016,0.0,61.5289,,60.9835,61.8661,60.6463,,60.795,Success,-1.4266,0.3101,,1.0,6551556.0,US6541061031
215,SplitAndProportionalCashDividend,-1.6265,-0.5355,0.48,1.0,USD,Valid,1/7/2016,0.0,60.7554,,59.357,60.9835,59.2876,,59.8925,Success,-2.6671,-0.8941,,1.0,10881313.0,US6541061031
214,SplitAndProportionalCashDividend,-0.9719,-1.1802,0.48,1.0,USD,Valid,1/8/2016,0.0,60.2892,,58.3851,59.357,58.1768,,59.5653,Success,-1.6374,-1.9814,,1.0,11191253.0,US6541061031
24,SplitAndProportionalCashDividend,0.0,-0.34,0.0,1.0,USD,Valid,10/10/2016,0.0,52.25,,51.79,51.79,51.77,,52.13,Success,0.0,-0.6522,,1.0,5469323.0,US6541061031
23,SplitAndProportionalCashDividend,0.03,-0.13,0.0,1.0,USD,Valid,10/11/2016,0.0,52.25,,51.82,51.79,51.52,,51.95,Success,0.0579,-0.2502,,1.0,9203523.0,US6541061031
22,SplitAndProportionalCashDividend,0.62,0.43,0.0,1.0,USD,Valid,10/12/2016,0.0,52.71,,52.44,51.82,51.8,,52.01,Success,1.1964,0.8268,,1.0,9301264.0,US6541061031
21,SplitAndProportionalCashDividend,-0.41,-0.09,0.0,1.0,USD,Valid,10/13/2016,0.0,52.32,,52.03,52.44,51.5,,52.12,Success,-0.7818,-0.1727,,1.0,8425755.0,US6541061031
20,SplitAndProportionalCashDividend,-0.41,-0.76,0.0,1.0,USD,Valid,10/14/2016,0.0,52.5,,51.62,52.03,51.62,,52.38,Success,-0.788,-1.4509,,1.0,7133784.0,US6541061031
19,SplitAndProportionalCashDividend,-0.59,-0.62,0.0,1.0,USD,Valid,10/17/2016,0.0,51.75,,51.03,51.62,50.96,,51.65,Success,-1.143,-1.2004,,1.0,7904002.0,US6541061031
18,SplitAndProportionalCashDividend,0.19,-0.08,0.0,1.0,USD,Valid,10/18/2016,0.0,51.66,,51.22,51.03,51.19,,51.3,Success,0.3723,-0.1559,,1.0,6805166.0,US6541061031
17,SplitAndProportionalCashDividend,0.58,0.46,0.0,1.0,USD,Valid,10/19/2016,0.0,51.84,,51.8,51.22,51.14,,51.34,Success,1.1324,0.896,,1.0,6998963.0,US6541061031
16,SplitAndProportionalCashDividend,0.09,0.12,0.0,1.0,USD,Valid,10/20/2016,0.0,52.36,,51.89,51.8,51.69,,51.77,Success,0.1737,0.2318,,1.0,6590489.0,US6541061031
15,SplitAndProportionalCashDividend,-0.12,0.03,0.0,1.0,USD,Valid,10/21/2016,0.0,51.87,,51.77,51.89,51.25,,51.74,Success,-0.2313,0.058,,1.0,9161003.0,US6541061031
14,SplitAndProportionalCashDividend,0.1,-0.29,0.0,1.0,USD,Valid,10/24/2016,0.0,52.29,,51.87,51.77,51.83,,52.16,Success,0.1932,-0.556,,1.0,7578184.0,US6541061031
13,SplitAndProportionalCashDividend,-0.82,0.08,0.0,1.0,USD,Valid,10/25/2016,0.0,51.44,,51.05,51.87,50.71,,50.97,Success,-1.5809,0.157,,1.0,14975302.0,US6541061031
12,SplitAndProportionalCashDividend,0.92,1.02,0.0,1.0,USD,Valid,10/26/2016,0.0,52.27,,51.97,51.05,50.9,,50.95,Success,1.8022,2.002,,1.0,12401117.0,US6541061031
11,SplitAndProportionalCashDividend,-0.08,-0.45,0.0,1.0,USD,Valid,10/27/2016,0.0,52.34,,51.89,51.97,51.69,,52.34,Success,-0.1539,-0.8598,,1.0,7939188.0,US6541061031
10,SplitAndProportionalCashDividend,0.13,-0.1,0.0,1.0,USD,Valid,10/28/2016,0.0,52.5,,52.02,51.89,51.79,,52.12,Success,0.2505,-0.1919,,1.0,9096719.0,US6541061031
29,SplitAndProportionalCashDividend,0.02,0.13,0.0,1.0,USD,Valid,10/3/2016,0.0,53.0,,52.67,52.65,52.42,,52.54,Success,0.038,0.2474,,1.0,7632543.0,US6541061031
9,SplitAndProportionalCashDividend,-1.84,-0.7,0.0,1.0,USD,Valid,10/31/2016,0.0,51.15,,50.18,52.02,50.0,,50.88,Success,-3.5371,-1.3758,,1.0,17931262.0,US6541061031
28,SplitAndProportionalCashDividend,-0.53,-0.76,0.0,1.0,USD,Valid,10/4/2016,0.0,53.06,,52.14,52.67,52.08,,52.9,Success,-1.0063,-1.4367,,1.0,10737412.0,US6541061031
27,SplitAndProportionalCashDividend,-0.02,-0.03,0.0,1.0,USD,Valid,10/5/2016,0.0,52.64,,52.12,52.14,52.1,,52.15,Success,-0.0384,-0.0575,,1.0,7244125.0,US6541061031
26,SplitAndProportionalCashDividend,-0.09,-0.17,0.0,1.0,USD,Valid,10/6/2016,0.0,52.33,,52.03,52.12,51.97,,52.2,Success,-0.1727,-0.3257,,1.0,9391723.0,US6541061031
25,SplitAndProportionalCashDividend,-0.24,-0.63,0.0,1.0,USD,Valid,10/7/2016,0.0,52.46,,51.79,52.03,51.68,,52.42,Success,-0.4613,-1.2018,,1.0,8407084.0,US6541061031
8,SplitAndProportionalCashDividend,-0.56,-0.88,0.0,1.0,USD,Valid,11/1/2016,0.0,50.51,,49.62,50.18,49.14,,50.5,Success,-1.116,-1.7426,,1.0,14100431.0,US6541061031
1,SplitAndProportionalCashDividend,-0.73,-0.9,0.0,1.0,USD,Valid,11/10/2016,0.0,51.37,,50.39,51.12,50.33,,51.29,Success,-1.428,-1.7547,,1.0,12316075.0,US6541061031
253,SplitAndProportionalCashDividend,-1.2763,-1.4148,0.8,1.0,USD,Valid,11/11/2015,0.0,64.6005,,63.0324,64.3087,62.9631,,64.4472,Success,-1.9846,-2.1953,,2.0,8578050.0,US6541061031
0,SplitAndProportionalCashDividend,0.38,0.55,0.0,1.0,USD,Valid,11/11/2016,0.0,50.85,,50.77,50.39,50.18,,50.22,Success,0.7541,1.0952,,1.0,6300607.0,US6541061031
252,SplitAndProportionalCashDividend,-0.7123,-0.5045,0.8,1.0,USD,Valid,11/12/2015,0.0,63.3193,,62.3201,63.0324,62.0381,,62.8246,Success,-1.1301,-0.803,,2.0,9387950.0,US6541061031
251,SplitAndProportionalCashDividend,-2.0381,-1.5928,0.8,1.0,USD,Valid,11/13/2015,0.0,61.9441,,60.282,62.3201,59.9328,,61.8748,Success,-3.2704,-2.5742,,2.0,16370976.0,US6541061031
250,SplitAndProportionalCashDividend,0.7915,0.8212,0.8,1.0,USD,Valid,11/16/2015,0.0,61.0833,,61.0735,60.282,60.0247,,60.2523,Success,1.313,1.3629,,2.0,9146492.0,US6541061031
249,SplitAndProportionalCashDividend,-0.4354,-0.2325,0.8,1.0,USD,Valid,11/17/2015,0.0,61.1427,,60.6381,61.0735,59.5696,,60.8706,Success,-0.7129,-0.382,,2.0,10581526.0,US6541061031
248,SplitAndProportionalCashDividend,1.583,1.3554,0.8,1.0,USD,Valid,11/18/2015,0.0,62.3448,,62.2211,60.6381,60.6777,,60.8657,Success,2.6106,2.2269,,2.0,10597700.0,US6541061031
247,SplitAndProportionalCashDividend,0.0,-0.2375,0.8,1.0,USD,Valid,11/19/2015,0.0,62.8197,,62.2211,62.2211,62.0232,,62.4586,Success,0.0,-0.3803,,2.0,8557562.0,US6541061031
7,SplitAndProportionalCashDividend,0.1,0.48,0.0,1.0,USD,Valid,11/2/2016,0.0,50.27,,49.72,49.62,49.01,,49.24,Success,0.2015,0.9748,,1.0,10775938.0,US6541061031
246,SplitAndProportionalCashDividend,3.3985,0.2869,0.8,1.0,USD,Valid,11/20/2015,0.0,65.6938,,65.6196,62.2211,64.5461,,65.3327,Success,5.462,0.4391,,2.0,19064750.0,US6541061031
245,SplitAndProportionalCashDividend,-0.094,-0.1781,0.8,1.0,USD,Valid,11/23/2015,0.0,65.7927,,65.5256,65.6196,65.1892,,65.7037,Success,-0.1432,-0.2711,,2.0,7135562.0,US6541061031
244,SplitAndProportionalCashDividend,0.0247,0.4353,0.8,1.0,USD,Valid,11/24/2015,0.0,65.7828,,65.5503,65.5256,64.932,,65.115,Success,0.0377,0.6685,,2.0,5311542.0,US6541061031
243,SplitAndProportionalCashDividend,0.8014,0.5194,0.8,1.0,USD,Valid,11/25/2015,0.0,66.5595,,66.3517,65.5503,65.8076,,65.8323,Success,1.2226,0.789,,2.0,6989012.0,US6541061031
242,SplitAndProportionalCashDividend,0.0989,-0.2919,0.8,1.0,USD,Valid,11/27/2015,0.0,66.9305,,66.4506,66.3517,65.9565,,66.7425,Success,0.1491,-0.4374,,2.0,4528234.0,US6541061031
6,SplitAndProportionalCashDividend,0.01,-0.25,0.0,1.0,USD,Valid,11/3/2016,0.0,50.0,,49.73,49.72,49.31,,49.98,Success,0.0201,-0.5002,,1.0,7678690.0,US6541061031
241,SplitAndProportionalCashDividend,-1.014,-0.8162,0.8,1.0,USD,Valid,11/30/2015,0.0,66.3814,,65.4366,66.4506,65.12,,66.2528,Success,-1.5259,-1.2319,,2.0,8738868.0,US6541061031
5,SplitAndProportionalCashDividend,0.23,0.16,0.0,1.0,USD,Valid,11/4/2016,0.0,50.45,,49.96,49.73,49.76,,49.8,Success,0.4625,0.3213,,1.0,9925196.0,US6541061031
4,SplitAndProportionalCashDividend,0.95,0.43,0.0,1.0,USD,Valid,11/7/2016,0.0,50.93,,50.91,49.96,50.28,,50.48,Success,1.9015,0.8518,,1.0,8358692.0,US6541061031
3,SplitAndProportionalCashDividend,0.17,-0.02,0.0,1.0,USD,Valid,11/8/2016,0.0,51.49,,51.08,50.91,50.953,,51.1,Success,0.3339,-0.0391,,1.0,8111362.0,US6541061031
2,SplitAndProportionalCashDividend,0.04,1.05,0.0,1.0,USD,Valid,11/9/2016,0.0,51.27,,51.12,51.08,49.8,,50.07,Success,0.0783,2.0971,,1.0,9058575.0,US6541061031
240,SplitAndProportionalCashDividend,0.5095,0.5887,0.8,1.0,USD,Valid,12/1/2015,0.0,66.0005,,65.9461,65.4366,65.2585,,65.3574,Success,0.7786,0.9007,,2.0,6857084.0,US6541061031
233,SplitAndProportionalCashDividend,-0.0991,-0.0396,0.48,1.0,USD,Valid,12/10/2015,0.0,64.286,,63.7902,63.8893,63.4778,,63.8298,Success,-0.1551,-0.062,,2.0,5682544.0,US6541061031
232,SplitAndProportionalCashDividend,-1.1654,-0.6596,0.48,1.0,USD,Valid,12/11/2015,0.0,63.3439,,62.6248,63.7902,62.3174,,63.2844,Success,-1.8269,-1.0423,,2.0,8276024.0,US6541061031
231,SplitAndProportionalCashDividend,0.7786,0.61,0.48,1.0,USD,Valid,12/14/2015,0.0,63.6364,,63.4034,62.6248,62.5405,,62.7934,Success,1.2433,0.9714,,2.0,7991328.0,US6541061031
230,SplitAndProportionalCashDividend,0.3719,-0.4909,0.48,1.0,USD,Valid,12/15/2015,0.0,64.4646,,63.7753,63.4034,63.6464,,64.2662,Success,0.5866,-0.7639,,2.0,6869524.0,US6541061031
229,SplitAndProportionalCashDividend,1.1504,0.7735,0.48,1.0,USD,Valid,12/16/2015,0.0,65.0596,,64.9257,63.7753,63.8794,,64.1522,Success,1.8038,1.2057,,2.0,7542148.0,US6541061031
228,SplitAndProportionalCashDividend,-0.352,-0.7339,0.48,1.0,USD,Valid,12/17/2015,0.0,65.3819,,64.5737,64.9257,64.4993,,65.3076,Success,-0.5422,-1.1238,,2.0,7400800.0,US6541061031
227,SplitAndProportionalCashDividend,-0.843,-0.6,0.48,1.0,USD,Valid,12/18/2015,0.0,64.7286,,63.7307,64.5737,63.6563,,64.3307,Success,-1.3055,-0.9327,,2.0,13804660.0,US6541061031
239,SplitAndProportionalCashDividend,-0.3265,-0.0989,0.8,1.0,USD,Valid,12/2/2015,0.0,65.9016,,65.6196,65.9461,65.3475,,65.7185,Success,-0.4951,-0.1505,,2.0,7965540.0,US6541061031
226,SplitAndProportionalCashDividend,0.6347,0.0595,0.48,1.0,USD,Valid,12/21/2015,0.0,64.6183,,64.3654,63.7307,63.7753,,64.3059,Success,0.9959,0.0925,,2.0,8972684.0,US6541061031
225,SplitAndProportionalCashDividend,1.0165,0.1834,0.48,1.0,USD,Valid,12/22/2015,0.0,65.3819,,65.3819,64.3654,64.3753,,65.1985,Success,1.5793,0.2813,,2.0,17218398.0,US6541061031
224,SplitAndProportionalCashDividend,-1.557,-3.734,0.48,1.0,USD,Valid,12/23/2015,0.0,67.6332,,63.8249,65.3819,63.3835,,67.5589,Success,-2.3814,-5.527,,2.0,57319300.0,US6541061031
223,SplitAndProportionalCashDividend,-1.1653,-1.3587,0.48,1.0,USD,Valid,12/24/2015,0.0,64.1968,,62.6596,63.8249,61.638,,64.0183,Success,-1.8258,-2.1224,,1.0,13890843.0,US6541061031
222,SplitAndProportionalCashDividend,0.6248,0.5951,0.48,1.0,USD,Valid,12/28/2015,0.0,63.3538,,63.2844,62.6596,62.2827,,62.6893,Success,0.9971,0.9493,,1.0,8786830.0,US6541061031
221,SplitAndProportionalCashDividend,0.4463,-0.0495,0.48,1.0,USD,Valid,12/29/2015,0.0,63.9488,,63.7307,63.2844,63.4926,,63.7802,Success,0.7052,-0.0776,,1.0,6708638.0,US6541061031
238,SplitAndProportionalCashDividend,-1.7462,-1.9737,0.8,1.0,USD,Valid,12/3/2015,0.0,65.9708,,63.8734,65.6196,63.814,,65.8471,Success,-2.6611,-2.9974,,2.0,10649740.0,US6541061031
220,SplitAndProportionalCashDividend,-1.0017,-1.1008,0.48,1.0,USD,Valid,12/30/2015,0.0,63.8695,,62.729,63.7307,62.6496,,63.8298,Success,-1.5718,-1.7246,,1.0,5817947.0,US6541061031
219,SplitAndProportionalCashDividend,-0.7438,-0.6446,0.48,1.0,USD,Valid,12/31/2015,0.0,62.6496,,61.9852,62.729,61.9852,,62.6298,Success,-1.1857,-1.0292,,1.0,6454656.0,US6541061031
237,SplitAndProportionalCashDividend,1.5879,1.2516,0.8,1.0,USD,Valid,12/4/2015,0.0,65.7531,,65.4613,63.8734,64.2097,,64.2097,Success,2.486,1.9492,,2.0,7410410.0,US6541061031
236,SplitAndProportionalCashDividend,-0.2033,-0.5702,0.48,1.0,USD,Valid,12/7/2015,0.0,65.9026,,65.258,65.4613,64.7671,,65.8282,Success,-0.3106,-0.8662,,2.0,6189962.0,US6541061031
235,SplitAndProportionalCashDividend,0.0496,0.4116,0.48,1.0,USD,Valid,12/8/2015,0.0,65.8233,,65.3076,65.258,64.6778,,64.896,Success,0.076,0.6342,,2.0,5605710.0,US6541061031
234,SplitAndProportionalCashDividend,-1.4183,-0.9521,0.48,1.0,USD,Valid,12/9/2015,0.0,65.2282,,63.8893,65.3076,63.3439,,64.8414,Success,-2.1717,-1.4684,,2.0,7442890.0,US6541061031
199,SplitAndProportionalCashDividend,1.1405,1.3984,0.48,1.0,USD,Valid,2/1/2016,0.0,62.9472,,62.6397,61.4992,61.1917,,61.2413,Success,1.8545,2.2834,,1.0,8247810.0,US6541061031
192,SplitAndProportionalCashDividend,1.7158,0.8628,0.48,1.0,USD,Valid,2/10/2016,0.0,57.7007,,56.9371,55.2213,55.4693,,56.0743,Success,3.1071,1.5387,,1.0,13376815.0,US6541061031
191,SplitAndProportionalCashDividend,-1.3984,-0.4562,0.48,1.0,USD,Valid,2/11/2016,0.0,56.4412,,55.5387,56.9371,54.9337,,55.9949,Success,-2.456,-0.8147,,1.0,13090937.0,US6541061031
190,SplitAndProportionalCashDividend,0.4165,-0.9422,0.48,1.0,USD,Valid,2/12/2016,0.0,56.9743,,55.9552,55.5387,55.0428,,56.8974,Success,0.7499,-1.656,,1.0,10229492.0,US6541061031
189,SplitAndProportionalCashDividend,1.3588,0.2182,0.48,1.0,USD,Valid,2/16/2016,0.0,57.5222,,57.314,55.9552,56.3519,,57.0958,Success,2.4284,0.3822,,1.0,8057969.0,US6541061031
188,SplitAndProportionalCashDividend,0.3768,-0.4265,0.48,1.0,USD,Valid,2/17/2016,0.0,58.1173,,57.6908,57.314,56.6296,,58.1173,Success,0.6574,-0.7339,,1.0,10332698.0,US6541061031
187,SplitAndProportionalCashDividend,0.4265,0.4265,0.48,1.0,USD,Valid,2/18/2016,0.0,58.4743,,58.1173,57.6908,57.5024,,57.6908,Success,0.7393,0.7393,,1.0,9658703.0,US6541061031
186,SplitAndProportionalCashDividend,0.7041,0.8033,0.48,1.0,USD,Valid,2/19/2016,0.0,58.8214,,58.8214,58.1173,57.1553,,58.0181,Success,1.2115,1.3846,,1.0,10080086.0,US6541061031
198,SplitAndProportionalCashDividend,-0.605,-0.4662,0.48,1.0,USD,Valid,2/2/2016,0.0,62.9769,,62.0347,62.6397,61.7967,,62.5009,Success,-0.9658,-0.7459,,1.0,9458486.0,US6541061031
185,SplitAndProportionalCashDividend,0.853,0.5158,0.48,1.0,USD,Valid,2/22/2016,0.0,59.9768,,59.6744,58.8214,58.7718,,59.1586,Success,1.4502,0.8719,,1.0,11523446.0,US6541061031
184,SplitAndProportionalCashDividend,0.0396,-0.0496,0.48,1.0,USD,Valid,2/23/2016,0.0,60.2397,,59.714,59.6744,59.3967,,59.7636,Success,0.0664,-0.083,,1.0,7504589.0,US6541061031
183,SplitAndProportionalCashDividend,0.1885,0.6546,0.48,1.0,USD,Valid,2/24/2016,0.0,60.195,,59.9025,59.714,58.7123,,59.2479,Success,0.3157,1.1048,,1.0,10390838.0,US6541061031
182,SplitAndProportionalCashDividend,1.9636,1.686,0.48,1.0,USD,Valid,2/25/2016,0.0,61.8661,,61.8661,59.9025,60.1305,,60.1801,Success,3.278,2.8016,,1.0,8524250.0,US6541061031
181,SplitAndProportionalCashDividend,0.2182,-0.0397,0.48,1.0,USD,Valid,2/26/2016,0.0,62.967,,62.0843,61.8661,61.9511,,62.124,Success,0.3527,-0.0639,,1.0,8896102.0,US6541061031
180,SplitAndProportionalCashDividend,-1.0016,-0.8628,0.48,1.0,USD,Valid,2/29/2016,0.0,62.1637,,61.0827,62.0843,61.0727,,61.9455,Success,-1.6133,-1.3928,,1.0,7720619.0,US6541061031
197,SplitAndProportionalCashDividend,-0.0595,-0.3868,0.48,1.0,USD,Valid,2/3/2016,0.0,62.3819,,61.9752,62.0347,60.795,,62.362,Success,-0.0959,-0.6202,,1.0,7213516.0,US6541061031
196,SplitAndProportionalCashDividend,-2.3008,-1.8347,0.48,1.0,USD,Valid,2/4/2016,0.0,61.648,,59.6744,61.9752,59.4958,,61.5091,Success,-3.7125,-2.9828,,1.0,10455716.0,US6541061031
195,SplitAndProportionalCashDividend,-2.9753,-2.5686,0.48,1.0,USD,Valid,2/5/2016,0.0,59.3471,,56.6991,59.6744,56.5057,,59.2677,Success,-4.9859,-4.3339,,1.0,14415858.0,US6541061031
194,SplitAndProportionalCashDividend,-2.1125,-1.0513,0.48,1.0,USD,Valid,2/8/2016,0.0,55.747,,54.5866,56.6991,53.1981,,55.6379,Success,-3.7258,-1.8895,,1.0,21214515.0,US6541061031
193,SplitAndProportionalCashDividend,0.6347,1.1702,0.48,1.0,USD,Valid,2/9/2016,0.0,56.1536,,55.2213,54.5866,53.8329,,54.0511,Success,1.1627,2.165,,1.0,10915657.0,US6541061031
179,SplitAndProportionalCashDividend,1.319,0.9422,0.48,1.0,USD,Valid,3/1/2016,0.0,62.5802,,62.4017,61.0827,61.2413,,61.4595,Success,2.1594,1.533,,1.0,7438258.0,US6541061031
172,SplitAndProportionalCashDividend,0.5468,0.1789,0.32,1.0,USD,Valid,3/10/2016,0.0,58.7046,,58.5455,57.9987,57.6407,,58.3666,Success,0.9428,0.3065,,1.0,9402576.0,US6541061031
171,SplitAndProportionalCashDividend,1.1932,0.9446,0.32,1.0,USD,Valid,3/11/2016,0.0,60.0967,,59.7387,58.5455,58.7941,,58.7941,Success,2.0381,1.6066,,1.0,8834380.0,US6541061031
170,SplitAndProportionalCashDividend,0.7259,0.6165,0.32,1.0,USD,Valid,3/14/2016,0.0,60.9816,,60.4646,59.7387,59.7586,,59.8481,Success,1.2151,1.0301,,1.0,7090509.0,US6541061031
169,SplitAndProportionalCashDividend,0.5866,0.8949,0.32,1.0,USD,Valid,3/15/2016,0.0,61.3992,,61.0512,60.4646,60.0121,,60.1563,Success,0.9702,1.4876,,1.0,6188824.0,US6541061031
168,SplitAndProportionalCashDividend,0.4574,0.3878,0.32,1.0,USD,Valid,3/16/2016,0.0,61.8765,,61.5086,61.0512,60.9416,,61.1208,Success,0.7492,0.6345,,1.0,7018279.0,US6541061031
167,SplitAndProportionalCashDividend,1.3125,1.4119,0.32,1.0,USD,Valid,3/17/2016,0.0,63.02,,62.8211,61.5086,61.3893,,61.4092,Success,2.1338,2.2992,,1.0,9926830.0,US6541061031
166,SplitAndProportionalCashDividend,-0.1889,-0.5568,0.32,1.0,USD,Valid,3/18/2016,0.0,63.6116,,62.6322,62.8211,62.493,,63.189,Success,-0.3007,-0.8812,,1.0,13192883.0,US6541061031
178,SplitAndProportionalCashDividend,-0.6942,-0.2975,0.48,1.0,USD,Valid,3/2/2016,0.0,62.3719,,61.7075,62.4017,60.9934,,62.005,Success,-1.1125,-0.4798,,1.0,8465840.0,US6541061031
165,SplitAndProportionalCashDividend,1.7202,1.1634,0.32,1.0,USD,Valid,3/21/2016,0.0,64.9191,,64.3524,62.6322,63.0399,,63.189,Success,2.7465,1.8411,,1.0,13635416.0,US6541061031
164,SplitAndProportionalCashDividend,0.1789,0.0696,0.32,1.0,USD,Valid,3/22/2016,0.0,65.0683,,64.5313,64.3524,63.8055,,64.4617,Success,0.278,0.108,,1.0,18212861.0,US6541061031
163,SplitAndProportionalCashDividend,-2.446,1.1037,0.32,1.0,USD,Valid,3/23/2016,0.0,63.0896,,62.0853,64.5313,60.8026,,60.9816,Success,-3.7904,1.8099,,1.0,26987016.0,US6541061031
162,SplitAndProportionalCashDividend,-0.7855,-0.4077,0.32,1.0,USD,Valid,3/24/2016,0.0,61.787,,61.2998,62.0853,60.7728,,61.7075,Success,-1.2652,-0.6607,,1.0,12231325.0,US6541061031
161,SplitAndProportionalCashDividend,-0.3082,-0.2386,0.32,1.0,USD,Valid,3/28/2016,0.0,61.6279,,60.9916,61.2998,60.9021,,61.2302,Success,-0.5028,-0.3897,,1.0,7898992.0,US6541061031
160,SplitAndProportionalCashDividend,0.1491,0.2287,0.32,1.0,USD,Valid,3/29/2016,0.0,61.5484,,61.1407,60.9916,60.9021,,60.912,Success,0.2445,0.3755,,1.0,7837765.0,US6541061031
177,SplitAndProportionalCashDividend,-0.5867,-0.5767,0.32,1.0,USD,Valid,3/3/2016,0.0,61.8467,,61.1208,61.7075,60.5739,,61.6975,Success,-0.9508,-0.9347,,1.0,7924362.0,US6541061031
159,SplitAndProportionalCashDividend,0.5469,0.2685,0.32,1.0,USD,Valid,3/30/2016,0.0,62.0555,,61.6876,61.1407,61.4191,,61.4191,Success,0.8945,0.4372,,1.0,7859341.0,US6541061031
158,SplitAndProportionalCashDividend,-0.5668,-0.5171,0.32,1.0,USD,Valid,3/31/2016,0.0,62.2842,,61.1208,61.6876,60.9617,,61.6379,Success,-0.9188,-0.8389,,1.0,8257807.0,US6541061031
176,SplitAndProportionalCashDividend,-0.2088,-0.1591,0.32,1.0,USD,Valid,3/4/2016,0.0,61.1903,,60.912,61.1208,60.0371,,61.0711,Success,-0.3416,-0.2605,,1.0,7279438.0,US6541061031
175,SplitAndProportionalCashDividend,-1.9986,-1.8097,0.32,1.0,USD,Valid,3/7/2016,0.0,60.7927,,58.9134,60.912,58.456,,60.7231,Success,-3.2811,-2.9802,,1.0,12829552.0,US6541061031
174,SplitAndProportionalCashDividend,0.5568,0.7755,0.32,1.0,USD,Valid,3/8/2016,0.0,60.2558,,59.4702,58.9134,58.3765,,58.6947,Success,0.9451,1.3212,,1.0,9307915.0,US6541061031
173,SplitAndProportionalCashDividend,-1.4715,-1.2429,0.32,1.0,USD,Valid,3/9/2016,0.0,59.2813,,57.9987,59.4702,57.6208,,59.2416,Success,-2.4743,-2.098,,1.0,12766907.0,US6541061031
157,SplitAndProportionalCashDividend,0.1193,0.3679,0.32,1.0,USD,Valid,4/1/2016,0.0,61.4687,,61.2401,61.1208,60.8026,,60.8722,Success,0.1952,0.6044,,1.0,7555272.0,US6541061031
151,SplitAndProportionalCashDividend,-1.4915,-1.7997,0.32,1.0,USD,Valid,4/11/2016,0.0,59.4404,,57.591,59.0825,57.4915,,59.3907,Success,-2.5244,-3.0303,,1.0,12593383.0,US6541061031
150,SplitAndProportionalCashDividend,0.6264,0.5469,0.32,1.0,USD,Valid,4/12/2016,0.0,58.287,,58.2174,57.591,56.5668,,57.6705,Success,1.0877,0.9483,,1.0,12471148.0,US6541061031
149,SplitAndProportionalCashDividend,1.0242,0.5569,0.32,1.0,USD,Valid,4/13/2016,0.0,59.6095,,59.2416,58.2174,58.4958,,58.6847,Success,1.7593,0.949,,1.0,10629071.0,US6541061031
148,SplitAndProportionalCashDividend,-0.0895,-0.2187,0.32,1.0,USD,Valid,4/14/2016,0.0,59.9972,,59.1521,59.2416,59.1023,,59.3708,Success,-0.1511,-0.3684,,1.0,7785161.0,US6541061031
147,SplitAndProportionalCashDividend,0.0099,0.4773,0.32,1.0,USD,Valid,4/15/2016,0.0,59.2515,,59.162,59.1521,58.0583,,58.6847,Success,0.0167,0.8133,,1.0,7653565.0,US6541061031
146,SplitAndProportionalCashDividend,0.0696,0.1889,0.32,1.0,USD,Valid,4/18/2016,0.0,59.6592,,59.2316,59.162,59.0427,,59.0427,Success,0.1176,0.3199,,1.0,6075932.0,US6541061031
145,SplitAndProportionalCashDividend,-0.0099,-0.3977,0.32,1.0,USD,Valid,4/19/2016,0.0,59.6492,,59.2217,59.2316,58.993,,59.6194,Success,-0.0167,-0.6671,,1.0,6594446.0,US6541061031
144,SplitAndProportionalCashDividend,0.0596,0.1889,0.32,1.0,USD,Valid,4/20/2016,0.0,59.8978,,59.2813,59.2217,59.0924,,59.0924,Success,0.1006,0.3197,,1.0,7177508.0,US6541061031
143,SplitAndProportionalCashDividend,0.4574,-0.4475,0.32,1.0,USD,Valid,4/21/2016,0.0,60.1862,,59.7387,59.2813,59.3708,,60.1862,Success,0.7716,-0.7435,,1.0,7156668.0,US6541061031
142,SplitAndProportionalCashDividend,-0.6463,-0.7457,0.32,1.0,USD,Valid,4/22/2016,0.0,59.8779,,59.0924,59.7387,58.635,,59.8381,Success,-1.0819,-1.2462,,1.0,8294326.0,US6541061031
141,SplitAndProportionalCashDividend,-0.2187,-0.1292,0.32,1.0,USD,Valid,4/25/2016,0.0,59.0825,,58.8737,59.0924,58.4262,,59.0029,Success,-0.3701,-0.219,,1.0,6117737.0,US6541061031
140,SplitAndProportionalCashDividend,0.3281,0.2287,0.32,1.0,USD,Valid,4/26/2016,0.0,59.6293,,59.2018,58.8737,58.9333,,58.9731,Success,0.5573,0.3878,,1.0,5582155.0,US6541061031
139,SplitAndProportionalCashDividend,-0.2685,-0.358,0.32,1.0,USD,Valid,4/27/2016,0.0,59.3907,,58.9333,59.2018,58.2968,,59.2913,Success,-0.4535,-0.6038,,1.0,8094578.0,US6541061031
138,SplitAndProportionalCashDividend,-0.7258,-0.4076,0.32,1.0,USD,Valid,4/28/2016,0.0,59.5498,,58.2075,58.9333,58.0881,,58.6151,Success,-1.2316,-0.6954,,1.0,6028575.0,US6541061031
137,SplitAndProportionalCashDividend,0.3977,0.527,0.32,1.0,USD,Valid,4/29/2016,0.0,58.7514,,58.6052,58.2075,57.77,,58.0782,Success,0.6832,0.9074,,1.0,8178658.0,US6541061031
156,SplitAndProportionalCashDividend,-1.6108,-1.75,0.32,1.0,USD,Valid,4/4/2016,0.0,61.4987,,59.6293,61.2401,59.0825,,61.3793,Success,-2.6303,-2.8511,,1.0,16523442.0,US6541061031
155,SplitAndProportionalCashDividend,-0.2983,0.0497,0.32,1.0,USD,Valid,4/5/2016,0.0,59.8282,,59.331,59.6293,59.1023,,59.2813,Success,-0.5003,0.0838,,1.0,7554009.0,US6541061031
154,SplitAndProportionalCashDividend,0.6364,0.706,0.32,1.0,USD,Valid,4/6/2016,0.0,60.3353,,59.9674,59.331,58.8538,,59.2614,Success,1.0726,1.1913,,1.0,10201539.0,US6541061031
153,SplitAndProportionalCashDividend,-0.0099,0.5071,0.32,1.0,USD,Valid,4/7/2016,0.0,60.2359,,59.9575,59.9674,59.3708,,59.4504,Success,-0.0165,0.853,,1.0,7092947.0,US6541061031
152,SplitAndProportionalCashDividend,-0.875,-1.0639,0.32,1.0,USD,Valid,4/8/2016,0.0,60.216,,59.0825,59.9575,58.983,,60.1464,Success,-1.4594,-1.7689,,1.0,8761653.0,US6541061031
130,SplitAndProportionalCashDividend,0.4773,0.5866,0.32,1.0,USD,Valid,5/10/2016,0.0,59.6492,,58.8637,58.3864,58.2771,,58.2771,Success,0.8175,1.0066,,1.0,7600153.0,US6541061031
129,SplitAndProportionalCashDividend,-2.1775,-1.4815,0.32,1.0,USD,Valid,5/11/2016,0.0,58.3466,,56.6862,58.8637,56.5271,,58.1677,Success,-3.6992,-2.5469,,1.0,12822988.0,US6541061031
128,SplitAndProportionalCashDividend,0.9744,0.4673,0.32,1.0,USD,Valid,5/12/2016,0.0,58.0086,,57.6606,56.6862,56.9844,,57.1933,Success,1.7189,0.8171,,1.0,8083739.0,US6541061031
127,SplitAndProportionalCashDividend,-0.6762,-0.4276,0.32,1.0,USD,Valid,5/13/2016,0.0,57.7898,,56.9844,57.6606,56.9546,,57.412,Success,-1.1727,-0.7448,,1.0,7392620.0,US6541061031
126,SplitAndProportionalCashDividend,-0.169,-0.1293,0.32,1.0,USD,Valid,5/16/2016,0.0,57.2032,,56.8154,56.9844,56.3083,,56.9447,Success,-0.2966,-0.2271,,1.0,8045888.0,US6541061031
125,SplitAndProportionalCashDividend,-0.0398,-0.0498,0.32,1.0,USD,Valid,5/17/2016,0.0,57.0491,,56.7756,56.8154,56.3282,,56.8254,Success,-0.0701,-0.0876,,1.0,7620685.0,US6541061031
124,SplitAndProportionalCashDividend,-0.9744,-0.6364,0.32,1.0,USD,Valid,5/18/2016,0.0,56.5469,,55.8012,56.7756,55.3538,,56.4376,Success,-1.7162,-1.1276,,1.0,11532822.0,US6541061031
123,SplitAndProportionalCashDividend,0.9148,1.2131,0.32,1.0,USD,Valid,5/19/2016,0.0,56.9745,,56.716,55.8012,55.3538,,55.5029,Success,1.6394,2.1857,,1.0,9376468.0,US6541061031
136,SplitAndProportionalCashDividend,0.6463,0.4972,0.32,1.0,USD,Valid,5/2/2016,0.0,59.4056,,59.2515,58.6052,58.6549,,58.7543,Success,1.1028,0.8462,,1.0,8647783.0,US6541061031
122,SplitAndProportionalCashDividend,-0.5568,0.5966,0.32,1.0,USD,Valid,5/20/2016,0.0,56.7359,,56.1592,56.716,55.0952,,55.5626,Success,-0.9817,1.0737,,1.0,13745298.0,US6541061031
121,SplitAndProportionalCashDividend,-0.4873,-0.6066,0.32,1.0,USD,Valid,5/23/2016,0.0,56.6464,,55.6719,56.1592,55.6322,,56.2785,Success,-0.8677,-1.0779,,1.0,7780729.0,US6541061031
120,SplitAndProportionalCashDividend,0.5966,0.5369,0.32,1.0,USD,Valid,5/24/2016,0.0,56.4475,,56.2685,55.6719,55.5427,,55.7316,Success,1.0716,0.9634,,1.0,11098667.0,US6541061031
119,SplitAndProportionalCashDividend,-0.5966,-0.4773,0.32,1.0,USD,Valid,5/25/2016,0.0,56.368,,55.6719,56.2685,55.4531,,56.1492,Success,-1.0603,-0.8501,,1.0,9921707.0,US6541061031
118,SplitAndProportionalCashDividend,-0.1491,-0.2088,0.32,1.0,USD,Valid,5/26/2016,0.0,56.0398,,55.5228,55.6719,55.2842,,55.7316,Success,-0.2678,-0.3747,,1.0,9063054.0,US6541061031
117,SplitAndProportionalCashDividend,0.348,0.0199,0.32,1.0,USD,Valid,5/27/2016,0.0,56.2089,,55.8708,55.5228,55.662,,55.8509,Success,0.6268,0.0356,,1.0,8525892.0,US6541061031
135,SplitAndProportionalCashDividend,-0.0696,0.2784,0.32,1.0,USD,Valid,5/3/2016,0.0,59.505,,59.1819,59.2515,58.6947,,58.9035,Success,-0.1175,0.4726,,1.0,8061257.0,US6541061031
116,SplitAndProportionalCashDividend,-0.9645,-1.1833,0.32,1.0,USD,Valid,5/31/2016,0.0,56.1492,,54.9063,55.8708,54.8566,,56.0896,Success,-1.7263,-2.1097,,1.0,14233551.0,US6541061031
134,SplitAndProportionalCashDividend,-0.4077,-0.1193,0.32,1.0,USD,Valid,5/4/2016,0.0,59.6194,,58.7742,59.1819,58.4859,,58.8935,Success,-0.6889,-0.2026,,1.0,8062777.0,US6541061031
133,SplitAndProportionalCashDividend,-0.9148,-0.7458,0.32,1.0,USD,Valid,5/5/2016,0.0,58.645,,57.8594,58.7742,57.6705,,58.6052,Success,-1.5565,-1.2726,,1.0,7845960.0,US6541061031
132,SplitAndProportionalCashDividend,0.2387,0.2685,0.32,1.0,USD,Valid,5/6/2016,0.0,58.108,,58.0981,57.8594,57.054,,57.8296,Success,0.4126,0.4643,,1.0,7307963.0,US6541061031
131,SplitAndProportionalCashDividend,0.2883,0.1292,0.32,1.0,USD,Valid,5/9/2016,0.0,58.8538,,58.3864,58.0981,58.118,,58.2572,Success,0.4962,0.2218,,1.0,5604923.0,US6541061031
115,SplitAndProportionalCashDividend,-0.2883,1.5909,0.32,1.0,USD,Valid,6/1/2016,0.0,54.7273,,54.618,54.9063,52.6194,,53.0271,Success,-0.5251,3.0002,,1.0,28409319.0,US6541061031
108,SplitAndProportionalCashDividend,0.1695,0.4687,0.16,1.0,USD,Valid,6/10/2016,0.0,55.2063,,54.957,54.7875,54.3986,,54.4883,Success,0.3094,0.8602,,1.0,12183598.0,US6541061031
107,SplitAndProportionalCashDividend,-0.1994,-0.0897,0.16,1.0,USD,Valid,6/13/2016,0.0,55.4856,,54.7576,54.957,54.7277,,54.8473,Success,-0.3628,-0.1635,,1.0,8582181.0,US6541061031
106,SplitAndProportionalCashDividend,-0.7878,-0.4587,0.16,1.0,USD,Valid,6/14/2016,0.0,54.7875,,53.9698,54.7576,53.9299,,54.4285,Success,-1.4387,-0.8428,,1.0,9585598.0,US6541061031
105,SplitAndProportionalCashDividend,0.1894,0.0698,0.16,1.0,USD,Valid,6/15/2016,0.0,54.9072,,54.1592,53.9698,54.0894,,54.0894,Success,0.3509,0.129,,1.0,7498386.0,US6541061031
104,SplitAndProportionalCashDividend,-0.8376,-0.0698,0.16,1.0,USD,Valid,6/16/2016,0.0,53.4911,,53.3216,54.1592,52.793,,53.3914,Success,-1.5466,-0.1307,,1.0,14456484.0,US6541061031
103,SplitAndProportionalCashDividend,0.2393,0.2593,0.16,1.0,USD,Valid,6/17/2016,0.0,53.7205,,53.5609,53.3216,53.0124,,53.3016,Success,0.4488,0.4865,,1.0,11007105.0,US6541061031
114,SplitAndProportionalCashDividend,-0.2394,0.3091,0.16,1.0,USD,Valid,6/2/2016,0.0,54.5182,,54.3786,54.618,54.0695,,54.0695,Success,-0.4383,0.5717,,1.0,13901685.0,US6541061031
102,SplitAndProportionalCashDividend,0.6482,0.1296,0.16,1.0,USD,Valid,6/20/2016,0.0,54.9969,,54.2091,53.5609,54.0795,,54.0795,Success,1.2102,0.2396,,1.0,8429371.0,US6541061031
101,SplitAndProportionalCashDividend,0.4089,0.3092,0.16,1.0,USD,Valid,6/21/2016,0.0,54.9371,,54.618,54.2091,54.2889,,54.3088,Success,0.7543,0.5693,,1.0,8278214.0,US6541061031
100,SplitAndProportionalCashDividend,-0.1995,-0.4288,0.16,1.0,USD,Valid,6/22/2016,0.0,54.9869,,54.4185,54.618,54.3786,,54.8473,Success,-0.3653,-0.7818,,1.0,7019646.0,US6541061031
99,SplitAndProportionalCashDividend,-0.4487,-0.9872,0.16,1.0,USD,Valid,6/23/2016,0.0,55.0268,,53.9698,54.4185,53.8002,,54.957,Success,-0.8245,-1.7963,,1.0,11219782.0,US6541061031
98,SplitAndProportionalCashDividend,-1.5258,0.2293,0.16,1.0,USD,Valid,6/24/2016,0.0,53.2119,,52.444,53.9698,52.0352,,52.2147,Success,-2.8271,0.4391,,1.0,18481189.0,US6541061031
97,SplitAndProportionalCashDividend,-0.698,-0.1097,0.16,1.0,USD,Valid,6/27/2016,0.0,52.3742,,51.746,52.444,51.3321,,51.8557,Success,-1.3309,-0.2115,,1.0,15374062.0,US6541061031
96,SplitAndProportionalCashDividend,1.1966,1.0471,0.16,1.0,USD,Valid,6/28/2016,0.0,53.0473,,52.9426,51.746,51.4268,,51.8955,Success,2.3124,2.0177,,1.0,20837781.0,US6541061031
95,SplitAndProportionalCashDividend,2.0344,0.6283,0.16,1.0,USD,Valid,6/29/2016,0.0,54.9869,,54.977,52.9426,52.7432,,54.3487,Success,3.8427,1.1561,,1.0,36084771.0,US6541061031
113,SplitAndProportionalCashDividend,-1.077,-0.8377,0.16,1.0,USD,Valid,6/3/2016,0.0,54.4185,,53.3016,54.3786,53.2518,,54.1393,Success,-1.9806,-1.5473,,1.0,17265816.0,US6541061031
94,SplitAndProportionalCashDividend,0.0698,-0.0897,0.16,1.0,USD,Valid,6/30/2016,0.0,55.2761,,55.0468,54.977,54.4484,,55.1365,Success,0.127,-0.1627,,1.0,17350521.0,US6541061031
112,SplitAndProportionalCashDividend,0.8477,0.5286,0.16,1.0,USD,Valid,6/6/2016,0.0,54.3886,,54.1493,53.3016,53.541,,53.6207,Success,1.5904,0.9858,,1.0,13808332.0,US6541061031
111,SplitAndProportionalCashDividend,-0.7479,-0.6083,0.16,1.0,USD,Valid,6/7/2016,0.0,54.1983,,53.4014,54.1493,53.4014,,54.0097,Success,-1.3812,-1.1263,,1.0,13333980.0,US6541061031
110,SplitAndProportionalCashDividend,0.5684,0.2892,0.16,1.0,USD,Valid,6/8/2016,0.0,54.1892,,53.9698,53.4014,53.511,,53.6806,Success,1.0644,0.5387,,1.0,12068525.0,US6541061031
109,SplitAndProportionalCashDividend,0.8177,0.8277,0.16,1.0,USD,Valid,6/9/2016,0.0,54.8972,,54.7875,53.9698,53.7304,,53.9598,Success,1.5151,1.5339,,1.0,11609794.0,US6541061031
93,SplitAndProportionalCashDividend,0.4088,0.5385,0.16,1.0,USD,Valid,7/1/2016,0.0,55.6551,,55.4556,55.0468,54.7576,,54.9171,Success,0.7426,0.9806,,1.0,9285096.0,US6541061031
88,SplitAndProportionalCashDividend,0.1096,0.0,0.16,1.0,USD,Valid,7/11/2016,0.0,57.0711,,56.6722,56.5626,56.5526,,56.6722,Success,0.1938,0.0,,1.0,8122521.0,US6541061031
87,SplitAndProportionalCashDividend,1.2266,0.9673,0.16,1.0,USD,Valid,7/12/2016,0.0,58.0384,,57.8988,56.6722,56.9116,,56.9315,Success,2.1644,1.6991,,1.0,11164368.0,US6541061031
86,SplitAndProportionalCashDividend,-0.0698,-0.1895,0.16,1.0,USD,Valid,7/13/2016,0.0,58.2772,,57.829,57.8988,57.5698,,58.0185,Success,-0.1206,-0.3266,,1.0,9126459.0,US6541061031
85,SplitAndProportionalCashDividend,0.4986,0.1894,0.16,1.0,USD,Valid,7/14/2016,0.0,58.4373,,58.3276,57.829,57.9886,,58.1382,Success,0.8622,0.3258,,1.0,7488355.0,US6541061031
84,SplitAndProportionalCashDividend,-0.6182,-0.718,0.16,1.0,USD,Valid,7/15/2016,0.0,58.7016,,57.7094,58.3276,57.7094,,58.4274,Success,-1.0599,-1.2289,,1.0,9225206.0,US6541061031
83,SplitAndProportionalCashDividend,-0.1297,-0.2593,0.16,1.0,USD,Valid,7/18/2016,0.0,57.9986,,57.5797,57.7094,57.5797,,57.839,Success,-0.2247,-0.4483,,1.0,6478896.0,US6541061031
82,SplitAndProportionalCashDividend,0.02,0.2992,0.16,1.0,USD,Valid,7/19/2016,0.0,57.6096,,57.5997,57.5797,56.9914,,57.3005,Success,0.0347,0.5222,,1.0,7442696.0,US6541061031
81,SplitAndProportionalCashDividend,0.0,-0.2293,0.16,1.0,USD,Valid,7/20/2016,0.0,57.9387,,57.5997,57.5997,57.5797,,57.829,Success,0.0,-0.3965,,1.0,5872418.0,US6541061031
80,SplitAndProportionalCashDividend,-0.7679,-0.9972,0.16,1.0,USD,Valid,7/21/2016,0.0,57.8689,,56.8318,57.5997,56.413,,57.829,Success,-1.3332,-1.7244,,1.0,8317259.0,US6541061031
79,SplitAndProportionalCashDividend,-0.2593,-0.0898,0.16,1.0,USD,Valid,7/22/2016,0.0,56.8019,,56.5725,56.8318,56.2684,,56.6623,Success,-0.4563,-0.1585,,1.0,8614746.0,US6541061031
78,SplitAndProportionalCashDividend,0.4089,0.2693,0.16,1.0,USD,Valid,7/25/2016,0.0,56.9914,,56.9814,56.5725,56.3033,,56.7121,Success,0.7228,0.4749,,1.0,7256291.0,US6541061031
77,SplitAndProportionalCashDividend,-0.7679,-0.8277,0.16,1.0,USD,Valid,7/26/2016,0.0,57.7083,,56.2135,56.9814,56.0939,,57.0412,Success,-1.3476,-1.4511,,1.0,8546691.0,US6541061031
76,SplitAndProportionalCashDividend,-0.5784,-0.7081,0.16,1.0,USD,Valid,7/27/2016,0.0,56.8418,,55.6351,56.2135,55.316,,56.3432,Success,-1.0289,-1.2568,,1.0,10295407.0,US6541061031
75,SplitAndProportionalCashDividend,-0.339,-0.1396,0.16,1.0,USD,Valid,7/28/2016,0.0,55.6551,,55.2961,55.6351,54.8274,,55.4357,Success,-0.6093,-0.2518,,1.0,9574064.0,US6541061031
74,SplitAndProportionalCashDividend,0.0498,0.2293,0.16,1.0,USD,Valid,7/29/2016,0.0,55.5055,,55.3459,55.2961,55.0548,,55.1166,Success,0.0901,0.416,,1.0,6353444.0,US6541061031
92,SplitAndProportionalCashDividend,-0.4088,-0.1396,0.16,1.0,USD,Valid,7/5/2016,0.0,55.7548,,55.0468,55.4556,54.8573,,55.1864,Success,-0.7372,-0.253,,1.0,10256124.0,US6541061031
91,SplitAndProportionalCashDividend,0.5983,0.9174,0.16,1.0,USD,Valid,7/6/2016,0.0,55.6551,,55.6451,55.0468,54.6678,,54.7277,Success,1.0869,1.6763,,1.0,7863399.0,US6541061031
90,SplitAndProportionalCashDividend,0.1197,0.1197,0.16,1.0,USD,Valid,7/7/2016,0.0,55.8196,,55.7648,55.6451,55.4058,,55.6451,Success,0.2151,0.2151,,1.0,6947979.0,US6541061031
89,SplitAndProportionalCashDividend,0.7978,0.6183,0.16,1.0,USD,Valid,7/8/2016,0.0,56.6623,,56.5626,55.7648,55.9343,,55.9443,Success,1.4307,1.1052,,1.0,8645942.0,US6541061031
73,SplitAndProportionalCashDividend,-0.0897,-0.3191,0.16,1.0,USD,Valid,8/1/2016,0.0,55.7149,,55.2562,55.3459,55.1465,,55.5753,Success,-0.1621,-0.5742,,1.0,6268392.0,US6541061031
66,SplitAndProportionalCashDividend,-0.6382,-0.8177,0.16,1.0,USD,Valid,8/10/2016,0.0,56.0241,,54.977,55.6152,54.9171,,55.7947,Success,-1.1475,-1.4656,,1.0,6881449.0,US6541061031
65,SplitAndProportionalCashDividend,1.5955,1.0969,0.16,1.0,USD,Valid,8/11/2016,0.0,56.7321,,56.5725,54.977,55.326,,55.4756,Success,2.9021,1.9773,,1.0,9539467.0,US6541061031
64,SplitAndProportionalCashDividend,-0.2792,-0.2493,0.16,1.0,USD,Valid,8/12/2016,0.0,56.5975,,56.2933,56.5725,55.9742,,56.5426,Success,-0.4935,-0.4409,,1.0,5393354.0,US6541061031
63,SplitAndProportionalCashDividend,0.3191,0.1197,0.16,1.0,USD,Valid,8/15/2016,0.0,56.9016,,56.6124,56.2933,56.4628,,56.4927,Success,0.5669,0.2119,,1.0,4836335.0,US6541061031
62,SplitAndProportionalCashDividend,0.1097,0.0798,0.16,1.0,USD,Valid,8/16/2016,0.0,56.8767,,56.7221,56.6124,56.2634,,56.6423,Success,0.1938,0.1409,,1.0,4901794.0,US6541061031
61,SplitAndProportionalCashDividend,-0.0199,-0.0099,0.16,1.0,USD,Valid,8/17/2016,0.0,56.8119,,56.7022,56.7221,56.3831,,56.7121,Success,-0.0351,-0.0175,,1.0,7340541.0,US6541061031
60,SplitAndProportionalCashDividend,0.349,0.2194,0.16,1.0,USD,Valid,8/18/2016,0.0,57.3005,,57.0512,56.7022,56.7371,,56.8318,Success,0.6155,0.3861,,1.0,6043620.0,US6541061031
59,SplitAndProportionalCashDividend,1.6853,1.4958,0.16,1.0,USD,Valid,8/19/2016,0.0,58.9758,,58.7365,57.0512,57.0911,,57.2407,Success,2.954,2.6132,,1.0,15987096.0,US6541061031
72,SplitAndProportionalCashDividend,-0.4886,-0.3091,0.16,1.0,USD,Valid,8/2/2016,0.0,55.1266,,54.7676,55.2562,54.6279,,55.0767,Success,-0.8842,-0.5612,,1.0,7145600.0,US6541061031
58,SplitAndProportionalCashDividend,-0.2393,-0.1595,0.16,1.0,USD,Valid,8/22/2016,0.0,59.2902,,58.4972,58.7365,58.4872,,58.6567,Success,-0.4074,-0.2719,,1.0,8265962.0,US6541061031
57,SplitAndProportionalCashDividend,0.9573,0.8177,0.16,1.0,USD,Valid,8/23/2016,0.0,59.634,,59.4545,58.4972,58.6368,,58.6368,Success,1.6365,1.3945,,1.0,8222759.0,US6541061031
56,SplitAndProportionalCashDividend,0.5983,0.329,0.16,1.0,USD,Valid,8/24/2016,0.0,60.1625,,60.0528,59.4545,59.5542,,59.7238,Success,1.0063,0.5509,,1.0,11379038.0,US6541061031
55,SplitAndProportionalCashDividend,-0.9772,-0.7678,0.16,1.0,USD,Valid,8/25/2016,0.0,59.983,,59.0756,60.0528,58.8661,,59.8434,Success,-1.6272,-1.283,,1.0,8713898.0,US6541061031
54,SplitAndProportionalCashDividend,-0.2394,0.4288,0.16,1.0,USD,Valid,8/26/2016,0.0,59.0357,,58.8362,59.0756,58.1382,,58.4074,Success,-0.4052,0.7342,,1.0,9994300.0,US6541061031
53,SplitAndProportionalCashDividend,-0.3689,-0.5684,0.16,1.0,USD,Valid,8/29/2016,0.0,59.0855,,58.4673,58.8362,58.3675,,59.0357,Success,-0.627,-0.9628,,1.0,5831027.0,US6541061031
71,SplitAndProportionalCashDividend,-0.1696,0.1994,0.16,1.0,USD,Valid,8/3/2016,0.0,55.0318,,54.598,54.7676,54.1293,,54.3986,Success,-0.3097,0.3666,,1.0,9687312.0,US6541061031
52,SplitAndProportionalCashDividend,-0.6283,-0.4587,0.16,1.0,USD,Valid,8/30/2016,0.0,58.5969,,57.839,58.4673,57.6894,,58.2977,Success,-1.0746,-0.7868,,1.0,6344565.0,US6541061031
51,SplitAndProportionalCashDividend,-0.359,-0.2194,0.16,1.0,USD,Valid,8/31/2016,0.0,58.1182,,57.48,57.839,57.0263,,57.6994,Success,-0.6207,-0.3802,,1.0,7723638.0,US6541061031
70,SplitAndProportionalCashDividend,0.0399,-0.1695,0.16,1.0,USD,Valid,8/4/2016,0.0,55.4157,,54.6379,54.598,54.4983,,54.8074,Success,0.0731,-0.3093,,1.0,8678103.0,US6541061031
69,SplitAndProportionalCashDividend,1.0571,0.5286,0.16,1.0,USD,Valid,8/5/2016,0.0,55.9044,,55.695,54.6379,55.0169,,55.1664,Success,1.9347,0.9582,,1.0,7512502.0,US6541061031
68,SplitAndProportionalCashDividend,0.1296,-0.1496,0.16,1.0,USD,Valid,8/8/2016,0.0,56.2335,,55.8246,55.695,55.5254,,55.9742,Success,0.2327,-0.2673,,1.0,6306977.0,US6541061031
67,SplitAndProportionalCashDividend,-0.2094,-0.3091,0.16,1.0,USD,Valid,8/9/2016,0.0,56.0839,,55.6152,55.8246,55.5354,,55.9243,Success,-0.3751,-0.5527,,1.0,8044357.0,US6541061031
50,SplitAndProportionalCashDividend,1.06,0.87,0.0,1.0,USD,Valid,9/1/2016,0.0,58.55,,58.54,57.48,57.53,,57.67,Success,1.8441,1.5086,,1.0,8224952.0,US6541061031
44,SplitAndProportionalCashDividend,0.68,1.01,0.0,1.0,USD,Valid,9/12/2016,0.0,56.115,,56.01,55.33,54.95,,55.0,Success,1.229,1.8364,,1.0,7470941.0,US6541061031
43,SplitAndProportionalCashDividend,-0.64,-0.49,0.0,1.0,USD,Valid,9/13/2016,0.0,55.94,,55.37,56.01,55.12,,55.86,Success,-1.1427,-0.8772,,1.0,7359422.0,US6541061031
42,SplitAndProportionalCashDividend,-0.24,-0.03,0.0,1.0,USD,Valid,9/14/2016,0.0,55.56,,55.13,55.37,54.93,,55.16,Success,-0.4334,-0.0544,,1.0,7621197.0,US6541061031
41,SplitAndProportionalCashDividend,0.34,0.47,0.0,1.0,USD,Valid,9/15/2016,0.0,55.54,,55.47,55.13,54.81,,55.0,Success,0.6167,0.8545,,1.0,6316251.0,US6541061031
40,SplitAndProportionalCashDividend,-0.29,-0.06,0.0,1.0,USD,Valid,9/16/2016,0.0,55.36,,55.18,55.47,55.05,,55.24,Success,-0.5228,-0.1086,,1.0,11715439.0,US6541061031
39,SplitAndProportionalCashDividend,-0.23,-0.43,0.0,1.0,USD,Valid,9/19/2016,0.0,55.47,,54.95,55.18,54.93,,55.38,Success,-0.4168,-0.7765,,1.0,7671328.0,US6541061031
49,SplitAndProportionalCashDividend,-0.52,-0.61,0.0,1.0,USD,Valid,9/2/2016,0.0,59.18,,58.02,58.54,57.99,,58.63,Success,-0.8883,-1.0404,,1.0,6933123.0,US6541061031
38,SplitAndProportionalCashDividend,-0.08,-0.39,0.0,1.0,USD,Valid,9/20/2016,0.0,55.44,,54.87,54.95,54.76,,55.26,Success,-0.1456,-0.7058,,1.0,8562999.0,US6541061031
37,SplitAndProportionalCashDividend,0.47,0.32,0.0,1.0,USD,Valid,9/21/2016,0.0,55.38,,55.34,54.87,54.61,,55.02,Success,0.8566,0.5816,,1.0,8041695.0,US6541061031
36,SplitAndProportionalCashDividend,0.07,-0.06,0.0,1.0,USD,Valid,9/22/2016,0.0,55.98,,55.41,55.34,55.24,,55.47,Success,0.1265,-0.1082,,1.0,8052393.0,US6541061031
35,SplitAndProportionalCashDividend,-0.26,0.13,0.0,1.0,USD,Valid,9/23/2016,0.0,55.71,,55.15,55.41,54.91,,55.02,Success,-0.4692,0.2363,,1.0,8921732.0,US6541061031
34,SplitAndProportionalCashDividend,-0.75,-0.4,0.0,1.0,USD,Valid,9/26/2016,0.0,55.0,,54.4,55.15,54.075,,54.8,Success,-1.3599,-0.7299,,1.0,11629568.0,US6541061031
33,SplitAndProportionalCashDividend,0.94,1.09,0.0,1.0,USD,Valid,9/27/2016,0.0,55.54,,55.34,54.4,53.9,,54.25,Success,1.7279,2.0092,,1.0,17945212.0,US6541061031
32,SplitAndProportionalCashDividend,-2.09,-1.35,0.0,1.0,USD,Valid,9/28/2016,0.0,54.9965,,53.25,55.34,52.8,,54.6,Success,-3.7767,-2.4725,,1.0,33213008.0,US6541061031
31,SplitAndProportionalCashDividend,-1.09,-0.76,0.0,1.0,USD,Valid,9/29/2016,0.0,53.58,,52.16,53.25,52.12,,52.92,Success,-2.0469,-1.4361,,1.0,16993949.0,US6541061031
30,SplitAndProportionalCashDividend,0.49,0.08,0.0,1.0,USD,Valid,9/30/2016,0.0,53.06,,52.65,52.16,52.28,,52.57,Success,0.9394,0.1522,,1.0,12940220.0,US6541061031
48,SplitAndProportionalCashDividend,-0.61,-0.84,0.0,1.0,USD,Valid,9/6/2016,0.0,58.38,,57.41,58.02,57.21,,58.25,Success,-1.0514,-1.4421,,1.0,9771751.0,US6541061031
47,SplitAndProportionalCashDividend,0.31,0.24,0.0,1.0,USD,Valid,9/7/2016,0.0,57.78,,57.72,57.41,57.01,,57.48,Success,0.54,0.4175,,1.0,7536144.0,US6541061031
46,SplitAndProportionalCashDividend,-1.55,-0.71,0.0,1.0,USD,Valid,9/8/2016,0.0,57.27,,56.17,57.72,56.11,,56.88,Success,-2.6854,-1.2482,,1.0,12741924.0,US6541061031
45,SplitAndProportionalCashDividend,-0.84,-0.55,0.0,1.0,USD,Valid,9/9/2016,0.0,56.0,,55.33,56.17,55.265,,55.88,Success,-1.4955,-0.9843,,1.0,11310403.0,US6541061031
